L,creation_time_crs,avg_keygen_time,aggregate_time,avg_encryption_time,avg_decryption_time
16,0.0038682279991917,0.0090416055628566,0.0010630750002746,0.0072617665999132,0.0040400258399677
64,0.01331993399981,0.0351491360468116,0.0145669300000008,0.0135314433999337,0.0040400152899565
256,0.0489494360008393,0.1381704316836547,0.2269359849997272,0.0261106038399884,0.0040408090000164
1024,0.1895718209998449,0.5538754402626971,3.5763722310002777,0.051242766080049476,0.004040369839949562
